MLA Name,Split,Accuracy_train,Accuracy_test,Precision_train,Precision_test,Recall_train,Recall_test,F1_train,F1_test,AUC_train,AUC_test,Balanced Accuracy_train,Balanced Accuracy_test
SVC_None_10_None,4.5,0.7641520467836257,0.7347826086956522,0.20474603174603176,0.0,0.135,0.0,0.1323799533799534,0.0,0.41204761904761905,0.6833333333333333,0.5278333333333334,0.46944444444444444
RandomForestClassifier_MutualInfo_10_SMOTE-TOMEK,4.5,0.8929655172413794,0.7391304347826086,0.8999752780758973,0.375,0.8908571428571429,0.24000000000000005,0.8919484860351347,0.26930014430014426,0.9495015873015873,0.5622222222222223,0.8926666666666666,0.5588888888888889
RandomForestClassifier_MutualInfo_10_SMOTE,4.5,0.9005287356321838,0.691304347826087,0.9162554913266987,0.16833333333333333,0.8870476190476191,0.18,0.8983654282286062,0.16722222222222222,0.9511269841269842,0.5344444444444445,0.9003809523809524,0.5066666666666666
XGBClassifier_MutualInfo_10_SMOTE,4.5,0.8738850574712643,0.6304347826086956,0.8694226384210906,0.17535714285714285,0.8856190476190478,0.2,0.8746984377405596,0.18282051282051281,0.9302031746031746,0.5333333333333334,0.8737619047619047,0.475
XGBClassifier_MutualInfo_10_SMOTE-TOMEK,4.5,0.8670804597701149,0.6608695652173913,0.8592467783334656,0.24751082251082251,0.887047619047619,0.27999999999999997,0.8697567597588372,0.24853896103896106,0.9285460317460318,0.5311111111111111,0.8670476190476191,0.5233333333333333
RandomForestClassifier_MutualInfo_10_ADASYN,4.5,0.8947128025848826,0.7130434782608696,0.8950489908268546,0.325,0.9029285714285715,0.16,0.8942859877292495,0.19906204906204905,0.9542206632653061,0.5288888888888889,0.8946547619047619,0.5133333333333334
SVC_MutualInfo_10_None,4.5,0.6857309941520467,0.6391304347826087,0.33560904936137137,0.145,0.3983333333333333,0.2,0.30361636189897057,0.1601259559154296,0.5663968253968255,0.5288888888888889,0.5763571428571429,0.4805555555555555
SVC_MutualInfo_25_RandomUnderSampler,4.5,0.6399999999999999,0.391304347826087,0.7002380952380952,0.16343264578558697,0.6033333333333333,0.45999999999999996,0.6072539682539683,0.23780833459626027,0.6366666666666667,0.5288888888888889,0.6433333333333333,0.41611111111111115
SVC_None_10_RandomUnderSampler,4.5,0.5199999999999999,0.4217391304347826,0.471,0.14154825566590273,0.5349999999999999,0.36,0.46761904761904766,0.20234590486912468,0.4583333333333333,0.525,0.5441666666666667,0.39944444444444444
XGBClassifier_MutualInfo_10_ADASYN,4.5,0.8716211663753377,0.6869565217391305,0.8605605548562204,0.32178571428571423,0.8985595238095238,0.32,0.875101241433434,0.30323898323898324,0.9317789682539683,0.5244444444444445,0.8718511904761905,0.5544444444444444
SVC_MutualInfo_25_None,4.5,0.681345029239766,0.5565217391304348,0.25827200577200576,0.08484848484848484,0.3466666666666667,0.16,0.2628508713508714,0.10803030303030303,0.5041190476190477,0.5122222222222221,0.5545238095238095,0.4133333333333334
SVC_MutualInfo_15_RandomUnderSampler,4.5,0.6446428571428571,0.3956521739130435,0.6849999999999999,0.1917892414602941,0.6199999999999999,0.5599999999999999,0.6243174603174603,0.2837907268170426,0.63375,0.5116666666666667,0.6433333333333333,0.45499999999999996
XGBClassifier_MutualInfo_10_BorderlineSMOTE,4.5,0.869816091954023,0.6304347826086957,0.8612172890748742,0.17666666666666667,0.8908571428571429,0.16,0.8724784915220006,0.1600865800865801,0.932720634920635,0.5005555555555555,0.8700000000000001,0.4605555555555556
RandomForestClassifier_MutualInfo_10_BorderlineSMOTE,4.5,0.9006896551724137,0.7086956521739131,0.9110607268548445,0.2,0.8925714285714286,0.08,0.8986410362059972,0.10508658008658008,0.9526984126984127,0.49000000000000005,0.900952380952381,0.48166666666666663
XGBClassifier_MutualInfo_15_ADASYN,4.5,0.8715553260236242,0.6739130434782609,0.8586847841700782,0.2217857142857143,0.9008928571428572,0.18,0.8758749151707634,0.18314518814518815,0.9373815759637187,0.48555555555555563,0.8716845238095237,0.4955555555555556
RandomForestClassifier_None_10_None,4.5,0.8012280701754386,0.7782608695652173,0.006666666666666666,0.0,0.005,0.0,0.005714285714285714,0.0,0.46024603174603174,0.4822222222222223,0.5010714285714286,0.49722222222222223
SVC_MutualInfo_10_SMOTE-TOMEK,4.5,0.8657241379310345,0.6347826086956522,0.829849479381987,0.2319047619047619,0.9348571428571428,0.27999999999999997,0.8755742135465194,0.24372846108140225,0.9330984126984128,0.4822222222222222,0.8656190476190476,0.5066666666666666
LogisticRegression_MutualInfo_10_None,4.5,0.7233918128654971,0.673913043478261,0.16402597402597402,0.08068181818181819,0.265,0.13999999999999999,0.18456238206238204,0.10192307692307692,0.5524761904761905,0.48,0.5500238095238095,0.4811111111111111
RandomForestClassifier_MutualInfo_15_SMOTE,4.5,0.9177701149425287,0.7130434782608696,0.9349093912623324,0.11666666666666665,0.9020952380952382,0.08,0.9152517055514832,0.09318181818181819,0.9572698412698413,0.47944444444444445,0.9175238095238095,0.4844444444444444
SVC_MutualInfo_15_None,4.5,0.6396491228070176,0.49565217391304345,0.3074229104229104,0.1532034632034632,0.5149999999999999,0.3,0.3418244076185253,0.2000501253132832,0.5700555555555555,0.47333333333333333,0.592452380952381,0.425
RandomForestClassifier_MutualInfo_15_ADASYN,4.5,0.9070527040627152,0.708695652173913,0.9064637078607667,0.19833333333333333,0.9140833333333334,0.1,0.9071410062660602,0.12055555555555555,0.9610650793650795,0.4722222222222222,0.9070892857142857,0.48888888888888893
SVC_MutualInfo_10_ADASYN,4.5,0.8716717516817628,0.6130434782608696,0.8295634831284987,0.1711111111111111,0.9472142857142858,0.24,0.8818336509343349,0.1968631368631369,0.9486582199546486,0.47111111111111115,0.8713214285714285,0.47833333333333333
LogisticRegression_MutualInfo_25_RandomUnderSampler,4.5,0.6435714285714286,0.5043478260869565,0.6171904761904762,0.1930846930846931,0.5816666666666667,0.48,0.5733924963924963,0.2737091503267974,0.6545833333333333,0.47000000000000003,0.6383333333333333,0.4955555555555556
LogisticRegression_MutualInfo_20_RandomUnderSampler,4.5,0.6521428571428571,0.5130434782608695,0.5864285714285714,0.15872171945701358,0.5233333333333333,0.42000000000000004,0.5331962481962482,0.22701794937089054,0.6583333333333333,0.4688888888888889,0.6499999999999999,0.47944444444444445
SVC_MutualInfo_20_RandomUnderSampler,4.5,0.6596428571428572,0.4130434782608695,0.6587142857142857,0.20244045943736344,0.6633333333333333,0.62,0.6306565656565656,0.301783881640861,0.6191666666666666,0.46611111111111114,0.6649999999999999,0.4877777777777778
RandomForestClassifier_MutualInfo_15_SMOTE-TOMEK,4.5,0.9108505747126436,0.7304347826086957,0.9226562735510104,0.17833333333333332,0.9021904761904762,0.08,0.9091428011193831,0.10055555555555555,0.9600952380952382,0.4655555555555556,0.9108095238095238,0.4955555555555556
SVC_MutualInfo_20_None,4.5,0.7007017543859649,0.5913043478260869,0.3186862581862582,0.09254079254079253,0.38666666666666666,0.18,0.30052548431960197,0.11715686274509804,0.5550396825396826,0.4655555555555556,0.583047619047619,0.4427777777777778
LogisticRegression_MutualInfo_15_RandomUnderSampler,4.5,0.6382142857142857,0.4608695652173913,0.6396666666666666,0.17822344322344322,0.5466666666666666,0.48,0.5653809523809523,0.2593061084082756,0.6541666666666666,0.46222222222222226,0.6383333333333333,0.4677777777777778
XGBClassifier_MutualInfo_20_SMOTE,4.5,0.8772183908045976,0.6739130434782609,0.8705488438290295,0.16428571428571428,0.8929523809523809,0.16,0.8786601923937525,0.16111111111111112,0.9338095238095239,0.4600000000000001,0.8774761904761906,0.4883333333333334
LogisticRegression_MutualInfo_10_RandomUnderSampler,4.5,0.615,0.5130434782608695,0.52,0.16078215901745313,0.5016666666666667,0.42000000000000004,0.48949206349206353,0.231217437533227,0.58875,0.4600000000000001,0.6166666666666666,0.47944444444444445
LogisticRegression_None_10_RandomUnderSampler,4.5,0.5357142857142857,0.6304347826086957,0.31166666666666665,0.08912198912198913,0.265,0.18,0.2673968253968254,0.1183275874452345,0.5470833333333334,0.45999999999999996,0.5366666666666666,0.4677777777777778
XGBClassifier_MutualInfo_15_SMOTE,4.5,0.8685287356321838,0.6391304347826087,0.8561007250403534,0.13722222222222222,0.8940952380952382,0.16,0.8715360508648804,0.14533910533910535,0.9271809523809523,0.45666666666666667,0.8687142857142858,0.46611111111111114
RandomForestClassifier_MutualInfo_15_BorderlineSMOTE,4.5,0.9081609195402299,0.7130434782608696,0.922763373881021,0.15833333333333333,0.8948571428571428,0.06000000000000001,0.9058941313846208,0.08055555555555556,0.9552666666666667,0.4561111111111111,0.9082380952380953,0.4772222222222222
SVC_MutualInfo_10_SMOTE,4.5,0.8712873563218391,0.6782608695652174,0.8420693957745042,0.32357142857142857,0.9281904761904762,0.24,0.8790494695980661,0.24698135198135196,0.9352825396825397,0.4522222222222222,0.8711904761904762,0.52
XGBClassifier_RFE_10_BorderlineSMOTE,4.5,0.8755862068965516,0.6565217391304348,0.8518486336504912,0.17833333333333334,0.9206666666666667,0.18,0.8825876122170534,0.17858585858585857,0.9348761904761906,0.45111111111111113,0.8756666666666666,0.4844444444444445
RandomForestClassifier_MutualInfo_10_None,4.5,0.7989473684210526,0.7130434782608696,0.33666666666666667,0.03333333333333333,0.17666666666666667,0.02,0.21885714285714286,0.025,0.6351785714285715,0.45055555555555554,0.5648571428571428,0.46277777777777784
SVC_MutualInfo_10_BorderlineSMOTE,4.5,0.8748735632183908,0.6565217391304348,0.8499516088486677,0.18916666666666665,0.9208571428571428,0.14,0.8810178241099198,0.15395604395604395,0.9465079365079365,0.45,0.8751428571428572,0.47000000000000003
RandomForestClassifier_MutualInfo_25_None,4.5,0.8089473684210526,0.773913043478261,0.13,0.0,0.039999999999999994,0.0,0.06066666666666667,0.0,0.6291666666666667,0.4477777777777778,0.5192857142857144,0.49444444444444446
RandomForestClassifier_RFE_20_None,4.5,0.8122222222222224,0.7652173913043478,0.22333333333333333,0.1,0.07666666666666666,0.02,0.11000000000000001,0.03333333333333333,0.7012182539682539,0.4477777777777778,0.5356190476190477,0.4961111111111111
XGBClassifier_MutualInfo_15_None,4.5,0.7509356725146199,0.6130434782608696,0.38783333333333336,0.17624098124098125,0.4083333333333333,0.27999999999999997,0.36933477633477635,0.2135939060939061,0.6081944444444445,0.44666666666666666,0.6215952380952381,0.4927777777777778
RandomForestClassifier_MutualInfo_20_SMOTE,4.5,0.9122298850574712,0.708695652173913,0.9297513613837143,0.12,0.8954285714285714,0.08,0.9096389073683289,0.095,0.9597047619047621,0.4444444444444445,0.9121904761904762,0.48166666666666663
LogisticRegression_MutualInfo_10_SMOTE,4.5,0.6800689655172414,0.5347826086956522,0.6615756659173674,0.18115384615384617,0.7722857142857144,0.38,0.7068519172114265,0.23963369963369963,0.698768253968254,0.44333333333333336,0.6804285714285714,0.47888888888888886
LogisticRegression_MutualInfo_10_SMOTE-TOMEK,4.5,0.6908505747126437,0.5130434782608695,0.6758434770423934,0.16954739704739705,0.7561904761904763,0.36,0.7083573341929195,0.2280855745561628,0.7201809523809524,0.4427777777777778,0.6913333333333334,0.45777777777777773
RandomForestClassifier_MutualInfo_20_SMOTE-TOMEK,4.5,0.9164137931034484,0.717391304347826,0.942696230240348,0.1,0.8894285714285715,0.06000000000000001,0.9120659635239724,0.075,0.9607650793650795,0.4411111111111111,0.916047619047619,0.48
XGBClassifier_MutualInfo_15_SMOTE-TOMEK,4.5,0.8753563218390804,0.6347826086956522,0.8617743141791129,0.13555555555555557,0.9037142857142857,0.16,0.8792089424859955,0.14493506493506494,0.9357269841269842,0.44000000000000006,0.8756666666666668,0.4633333333333334
XGBClassifier_MutualInfo_10_None,4.5,0.7362573099415204,0.6217391304347826,0.4061666666666667,0.12678571428571428,0.4416666666666667,0.2,0.38522366522366525,0.14841491841491844,0.6234920634920635,0.4372222222222222,0.6254047619047619,0.46944444444444444
XGBClassifier_RFE_15_BorderlineSMOTE,4.5,0.8788965517241379,0.6739130434782609,0.862342412403558,0.1716666666666667,0.9142857142857143,0.16,0.8844809918846593,0.16358585858585858,0.9456952380952381,0.4366666666666667,0.8792857142857142,0.4883333333333334
SVC_MutualInfo_10_RandomUnderSampler,4.5,0.6507142857142857,0.4695652173913044,0.6727619047619047,0.19808566433566435,0.6533333333333333,0.48,0.6298470418470419,0.27772355095884504,0.61875,0.43500000000000005,0.6483333333333332,0.47333333333333333
LogisticRegression_MutualInfo_15_SMOTE-TOMEK,4.5,0.7348045977011494,0.5478260869565218,0.7149695273617066,0.21143578643578645,0.7982857142857143,0.38,0.7502191466059032,0.2654935415461731,0.7568253968253968,0.4344444444444445,0.7346190476190476,0.4872222222222223
XGBClassifier_MutualInfo_15_BorderlineSMOTE,4.5,0.8760229885057471,0.691304347826087,0.8735150834717398,0.19666666666666666,0.8866666666666667,0.18,0.8772702550970856,0.1812987012987013,0.9333015873015873,0.4333333333333334,0.8759523809523809,0.5066666666666666
RandomForestClassifier_RFE_15_None,4.5,0.8077777777777777,0.7652173913043478,0.26,0.05,0.09833333333333333,0.02,0.1360952380952381,0.02857142857142857,0.7287380952380953,0.4333333333333333,0.5409761904761905,0.4961111111111111
RandomForestClassifier_RFE_10_BorderlineSMOTE,4.5,0.886528735632184,0.6782608695652174,0.8874106873518638,0.125,0.8935238095238095,0.12000000000000002,0.887629703454787,0.11994949494949494,0.9481904761904761,0.43166666666666675,0.8866190476190476,0.4766666666666667
XGBClassifier_MutualInfo_20_RandomUnderSampler,4.5,0.6614285714285714,0.3565217391304348,0.6719047619047618,0.1771228599401974,0.71,0.56,0.666994227994228,0.26710805534334947,0.6445833333333334,0.4311111111111111,0.6649999999999999,0.43
XGBClassifier_MutualInfo_15_RandomUnderSampler,4.5,0.6471428571428571,0.3478260869565218,0.6503333333333333,0.18078406801317018,0.7316666666666667,0.5599999999999999,0.6632178932178932,0.2690857883535229,0.63875,0.43000000000000005,0.6516666666666666,0.42444444444444446
LogisticRegression_MutualInfo_20_ADASYN,4.5,0.7722372477355792,0.5478260869565217,0.7495196585320424,0.1373015873015873,0.8356190476190477,0.2,0.7848504156737357,0.16013431013431012,0.7977607709750567,0.4288888888888889,0.772,0.4222222222222222
XGBClassifier_RFE_25_SMOTE,4.5,0.8842988505747126,0.6652173913043479,0.8657344544860026,0.07619047619047618,0.919047619047619,0.1,0.8883981509117117,0.08636363636363636,0.9458412698412699,0.42666666666666664,0.8842380952380953,0.4611111111111111
XGBClassifier_RFE_25_SMOTE-TOMEK,4.5,0.8842988505747126,0.6652173913043479,0.8657344544860026,0.07619047619047618,0.919047619047619,0.1,0.8883981509117117,0.08636363636363636,0.9458412698412699,0.42666666666666664,0.8842380952380953,0.4611111111111111
RandomForestClassifier_MutualInfo_10_RandomUnderSampler,4.5,0.6896428571428571,0.41739130434782606,0.7296666666666667,0.1815966386554622,0.6683333333333333,0.5,0.6658412698412699,0.26219366598313965,0.725625,0.42333333333333334,0.6891666666666666,0.44722222222222224
RandomForestClassifier_MutualInfo_20_None,4.5,0.8057309941520469,0.7521739130434782,0.25,0.0,0.07666666666666666,0.0,0.11600000000000002,0.0,0.6312857142857143,0.42333333333333334,0.5314285714285714,0.4805555555555555
LogisticRegression_MutualInfo_15_SMOTE,4.5,0.7197241379310345,0.5434782608695652,0.7034501724625564,0.17458236208236208,0.7767619047619048,0.32,0.7338567406327499,0.22211260961260965,0.7512380952380953,0.4222222222222222,0.7196190476190476,0.46277777777777784
XGBClassifier_MutualInfo_20_SMOTE-TOMEK,4.5,0.8745057471264367,0.6434782608695653,0.8641062989298284,0.17944444444444446,0.8966666666666667,0.16,0.8766629043843727,0.15862637362637363,0.9375809523809524,0.4211111111111111,0.8748571428571429,0.4688888888888889
RandomForestClassifier_RFE_25_None,4.5,0.8110526315789475,0.7652173913043478,0.21000000000000002,0.0,0.075,0.0,0.10476190476190476,0.0,0.6679285714285714,0.42000000000000004,0.5340714285714286,0.48888888888888893
XGBClassifier_MutualInfo_25_SMOTE-TOMEK,4.5,0.8772413793103448,0.6478260869565218,0.8605944589466261,0.09777777777777777,0.9105714285714287,0.08,0.8807370699602428,0.08428571428571428,0.9449396825396825,0.4188888888888889,0.8772380952380953,0.4427777777777778
RandomForestClassifier_MutualInfo_20_BorderlineSMOTE,4.5,0.9130574712643679,0.7217391304347827,0.9341486748545572,0.11666666666666665,0.8940000000000001,0.08,0.9102955739950733,0.09444444444444444,0.9548253968253968,0.41833333333333333,0.9133809523809525,0.49000000000000005
XGBClassifier_RFE_20_None,4.5,0.7732748538011696,0.6652173913043479,0.40354761904761904,0.15833333333333333,0.3283333333333333,0.14,0.3363722943722943,0.14014874014874015,0.6292539682539682,0.4177777777777778,0.6061666666666666,0.47555555555555556
XGBClassifier_RFE_25_None,4.5,0.7708771929824562,0.6565217391304348,0.35104761904761905,0.0869047619047619,0.265,0.08,0.27593939393939393,0.08055555555555556,0.5839325396825397,0.4177777777777778,0.5814999999999999,0.44833333333333336
RandomForestClassifier_MutualInfo_25_BorderlineSMOTE,4.5,0.913080459770115,0.7217391304347827,0.9352255587549706,0.08333333333333333,0.8922857142857143,0.06000000000000001,0.9105087090164398,0.06818181818181819,0.952,0.41722222222222227,0.9132380952380952,0.48277777777777775
XGBClassifier_MutualInfo_25_SMOTE,4.5,0.880183908045977,0.6434782608695653,0.8634142502664176,0.11000000000000001,0.9133333333333334,0.14,0.8839587749705855,0.12153846153846155,0.9400253968253969,0.41555555555555557,0.8802380952380953,0.4616666666666667
LogisticRegression_MutualInfo_25_SMOTE,4.5,0.7843908045977012,0.5652173913043479,0.7527700011546761,0.1692965367965368,0.8617142857142858,0.24,0.7997079136874007,0.19074175824175824,0.8072253968253967,0.41555555555555557,0.7844761904761904,0.4477777777777778
RandomForestClassifier_RFE_10_None,4.5,0.8135087719298246,0.7043478260869566,0.47866666666666663,0.125,0.2333333333333333,0.04,0.2909047619047619,0.05555555555555556,0.7281349206349207,0.4144444444444445,0.595,0.4644444444444445
XGBClassifier_MutualInfo_20_BorderlineSMOTE,4.5,0.8747126436781609,0.6173913043478261,0.8675660455815255,0.09595238095238096,0.8913333333333334,0.1,0.8764962187659302,0.09707070707070707,0.9347238095238095,0.4144444444444445,0.875095238095238,0.4305555555555555
SVC_MutualInfo_15_ADASYN,4.5,0.8981743736426717,0.6130434782608696,0.8652271534794755,0.09952380952380953,0.9525714285714286,0.12000000000000002,0.9042529016285805,0.10818181818181818,0.9686401927437641,0.4133333333333334,0.8979523809523811,0.43500000000000005
RandomForestClassifier_RFE_15_ADASYN,4.5,0.9136886487631759,0.6956521739130435,0.919747856718445,0.175,0.9116428571428571,0.06000000000000001,0.9128915123036043,0.08412698412698412,0.9699363378684808,0.4127777777777778,0.9132976190476191,0.46611111111111114
LogisticRegression_RFE_15_BorderlineSMOTE,4.5,0.9254712643678161,0.6217391304347826,0.9145207428450464,0.21202380952380953,0.9454285714285714,0.26,0.9275989201442483,0.22954933954933954,0.9658857142857142,0.41222222222222216,0.9256190476190476,0.49111111111111116
XGBClassifier_RFE_20_SMOTE,4.5,0.8855402298850574,0.6478260869565218,0.8705998778483298,0.12833333333333333,0.9178095238095239,0.13999999999999999,0.8900414930027244,0.12219780219780221,0.9431746031746032,0.40888888888888886,0.8853333333333333,0.4644444444444445
XGBClassifier_RFE_20_SMOTE-TOMEK,4.5,0.8855402298850574,0.6478260869565218,0.8705998778483298,0.12833333333333333,0.9178095238095239,0.13999999999999999,0.8900414930027244,0.12219780219780221,0.9431746031746032,0.40888888888888886,0.8853333333333333,0.4644444444444445
LogisticRegression_MutualInfo_20_None,4.5,0.6674853801169591,0.5608695652173913,0.23255627705627707,0.18510101010101013,0.39499999999999996,0.2,0.2777647352647353,0.14866946778711485,0.5357460317460317,0.40777777777777774,0.5646904761904763,0.4305555555555555
SVC_MutualInfo_15_SMOTE,4.5,0.8926206896551724,0.6521739130434783,0.8736941344689022,0.13452380952380952,0.9268571428571428,0.12000000000000002,0.8964924947674048,0.12222222222222223,0.9486603174603175,0.40777777777777774,0.8924761904761904,0.4600000000000001
RandomForestClassifier_MutualInfo_15_None,4.5,0.8035087719298246,0.7478260869565218,0.23333333333333334,0.0,0.09666666666666665,0.0,0.13276190476190478,0.0,0.6389880952380953,0.40666666666666673,0.5372857142857143,0.47777777777777775
XGBClassifier_None_10_RandomUnderSampler,4.5,0.5210714285714285,0.32608695652173914,0.522,0.17648882518447734,0.6916666666666667,0.6,0.5714675324675325,0.2705395500686926,0.39666666666666667,0.4061111111111111,0.5208333333333333,0.425
XGBClassifier_RFE_25_RandomUnderSampler,4.5,0.6164285714285714,0.34347826086956523,0.6465714285714286,0.18202869026398438,0.7483333333333333,0.62,0.6452279942279942,0.27835649353114694,0.5489583333333334,0.40499999999999997,0.6183333333333333,0.44333333333333336
LogisticRegression_RFE_10_ADASYN,4.5,0.8921384077546481,0.5956521739130435,0.8825343577131501,0.12595238095238095,0.914345238095238,0.16,0.8948891048520016,0.14016317016317018,0.9460198979591837,0.40444444444444444,0.8913630952380952,0.43833333333333335
RandomForestClassifier_MutualInfo_20_ADASYN,4.5,0.9296817628052333,0.6956521739130435,0.9316360159448396,0.21666666666666665,0.930202380952381,0.12000000000000002,0.9290994854031561,0.14707792207792209,0.9694375283446712,0.40388888888888885,0.929625,0.48777777777777775
XGBClassifier_MutualInfo_20_ADASYN,4.5,0.8879755283648498,0.6130434782608696,0.8705835686501322,0.14619047619047618,0.9210357142857143,0.16,0.8923014647218664,0.1508080808080808,0.9464540816326531,0.4033333333333333,0.8880892857142857,0.4494444444444444
XGBClassifier_RFE_15_None,4.5,0.7884795321637428,0.6304347826086956,0.46066666666666667,0.15833333333333333,0.41999999999999993,0.08,0.4077387057387057,0.08910256410256409,0.6634682539682539,0.4033333333333333,0.6511904761904762,0.43166666666666664
LogisticRegression_RFE_25_RandomUnderSampler,4.5,0.8246428571428572,0.42608695652173917,0.842,0.1647416309181015,0.8166666666666667,0.38,0.8104761904761905,0.22754230203920606,0.8916666666666666,0.4,0.8241666666666665,0.4094444444444445
RandomForestClassifier_RFE_15_BorderlineSMOTE,4.5,0.9097931034482759,0.717391304347826,0.9206797990451241,0.15,0.9034285714285714,0.06000000000000001,0.909745129057584,0.07777777777777777,0.9608349206349207,0.3988888888888889,0.9099047619047619,0.48
LogisticRegression_RFE_10_BorderlineSMOTE,4.5,0.8918850574712642,0.5826086956521739,0.8833272127769032,0.10472222222222223,0.9136190476190477,0.14,0.8945595635452829,0.1138045288045288,0.9445460317460318,0.3977777777777778,0.8919523809523809,0.4227777777777778
SVC_MutualInfo_15_BorderlineSMOTE,4.5,0.8891264367816092,0.6565217391304348,0.866318663362781,0.05333333333333333,0.9275238095238094,0.04,0.893224128434084,0.045,0.9516952380952383,0.3977777777777778,0.8890952380952382,0.4338888888888889
LogisticRegression_MutualInfo_20_SMOTE-TOMEK,4.5,0.7569885057471264,0.5565217391304348,0.7380526083823298,0.13633089133089132,0.8177142857142858,0.22000000000000003,0.77217115203628,0.16317460317460317,0.7815809523809524,0.3977777777777778,0.757,0.43499999999999994
LogisticRegression_MutualInfo_15_ADASYN,4.5,0.7157806027861645,0.508695652173913,0.7014284137027776,0.12217032967032967,0.7773809523809524,0.22000000000000003,0.730739911282115,0.15581196581196582,0.741071768707483,0.3977777777777778,0.7159761904761904,0.40444444444444444
RandomForestClassifier_MutualInfo_25_SMOTE,4.5,0.916367816091954,0.7130434782608696,0.9349298691504574,0.15333333333333332,0.8993333333333334,0.08,0.9137088597761569,0.10214285714285713,0.9647269841269841,0.39722222222222225,0.916,0.4844444444444444
LogisticRegression_MutualInfo_15_None,4.5,0.7220467836257309,0.6043478260869566,0.3213412698412698,0.09055555555555556,0.3333333333333333,0.12000000000000002,0.27856526806526805,0.09767399267399267,0.5664603174603174,0.39666666666666667,0.5753333333333334,0.4294444444444444
RandomForestClassifier_MutualInfo_25_SMOTE-TOMEK,4.5,0.9273103448275861,0.7,0.9484368278780044,0.1,0.908952380952381,0.06000000000000001,0.9250963325081789,0.075,0.9666761904761906,0.395,0.9269999999999999,0.4688888888888888
XGBClassifier_MutualInfo_25_BorderlineSMOTE,4.5,0.8748045977011494,0.6695652173913043,0.8695356245062127,0.15,0.889904761904762,0.14,0.876930274809029,0.14444444444444443,0.935288888888889,0.3944444444444445,0.8752857142857143,0.47833333333333333
RandomForestClassifier_RFE_10_ADASYN,4.5,0.8743751787700621,0.6565217391304348,0.8812225081420128,0.0875,0.8762619047619047,0.08,0.8739133971192807,0.0807886557886558,0.9414951814058957,0.39333333333333337,0.87375,0.44833333333333336
LogisticRegression_MutualInfo_25_None,4.5,0.7187719298245614,0.591304347826087,0.27227922077922073,0.14333333333333334,0.3,0.18,0.25701587301587303,0.141132331720567,0.542015873015873,0.39222222222222225,0.561,0.4427777777777778
RandomForestClassifier_MutualInfo_20_RandomUnderSampler,4.5,0.6907142857142856,0.42608695652173917,0.7094285714285714,0.20419036845507432,0.72,0.58,0.6897200577200577,0.2956716967243283,0.7070833333333333,0.39111111111111113,0.6941666666666666,0.48166666666666663
SVC_MutualInfo_25_SMOTE,4.5,0.9109425287356322,0.6869565217391305,0.8959195528413796,0.05833333333333333,0.937904761904762,0.04,0.9137321768790558,0.04722222222222222,0.9701968253968254,0.3911111111111111,0.9107619047619048,0.4533333333333333
RandomForestClassifier_RFE_25_SMOTE,4.5,0.9259999999999999,0.7304347826086957,0.9411923828665314,0.08333333333333333,0.9136190476190477,0.04,0.9249311559421649,0.05357142857142857,0.969152380952381,0.39,0.9258571428571429,0.4811111111111111
RandomForestClassifier_RFE_25_SMOTE-TOMEK,4.5,0.9259999999999999,0.7304347826086957,0.9411923828665314,0.08333333333333333,0.9136190476190477,0.04,0.9249311559421649,0.05357142857142857,0.969152380952381,0.39,0.9258571428571429,0.4811111111111111
SVC_MutualInfo_20_ADASYN,4.5,0.9146224905980189,0.6565217391304348,0.88380156462045,0.08166666666666667,0.9632738095238096,0.08,0.9193974268774211,0.08040404040404041,0.9786700680272109,0.3888888888888889,0.9143511904761905,0.44833333333333336
XGBClassifier_MutualInfo_20_None,4.5,0.7621052631578947,0.6347826086956522,0.361,0.10595238095238095,0.30333333333333334,0.12000000000000002,0.31036507936507934,0.11006216006216005,0.6129087301587302,0.38666666666666666,0.5895238095238095,0.4488888888888889
LogisticRegression_RFE_20_BorderlineSMOTE,4.5,0.9370804597701149,0.6217391304347826,0.9286922131875691,0.16555555555555554,0.9539047619047618,0.22000000000000003,0.9390987453104185,0.1864735264735265,0.9756190476190476,0.38666666666666666,0.9370952380952382,0.4766666666666667
XGBClassifier_None_10_None,4.5,0.7805263157894737,0.7347826086956522,0.16704761904761906,0.0,0.08499999999999999,0.0,0.09993650793650795,0.0,0.4013928571428571,0.38555555555555554,0.5186904761904761,0.46944444444444444
XGBClassifier_MutualInfo_25_RandomUnderSampler,4.5,0.6339285714285714,0.3521739130434783,0.6523333333333333,0.17316624895572263,0.6683333333333332,0.56,0.6306349206349207,0.2614338788146838,0.6258333333333332,0.3844444444444445,0.6375,0.4272222222222222
XGBClassifier_RFE_15_SMOTE,4.5,0.8850114942528735,0.608695652173913,0.8761408428173134,0.1376190476190476,0.9054285714285714,0.14,0.8874035731293797,0.1362121212121212,0.9418984126984128,0.38333333333333336,0.8850952380952382,0.43944444444444447
XGBClassifier_RFE_15_SMOTE-TOMEK,4.5,0.8850114942528735,0.608695652173913,0.8761408428173134,0.1376190476190476,0.9054285714285714,0.14,0.8874035731293797,0.1362121212121212,0.9418984126984128,0.38333333333333336,0.8850952380952382,0.43944444444444447
LogisticRegression_RFE_15_ADASYN,4.5,0.9280464537316595,0.5782608695652174,0.9162224868354899,0.06444444444444444,0.9486309523809524,0.08,0.929714546036649,0.07064935064935066,0.9726498299319729,0.38333333333333336,0.9278392857142859,0.3983333333333333
LogisticRegression_MutualInfo_10_ADASYN,4.5,0.6752577467026855,0.5086956521739131,0.6569519741524386,0.13968253968253969,0.7567738095238095,0.32,0.696148511385739,0.19235588972431078,0.6986151360544218,0.38333333333333336,0.6756726190476191,0.4405555555555556
RandomForestClassifier_RFE_20_SMOTE-TOMEK,4.5,0.9224367816091954,0.717391304347826,0.9307233208827637,0.12,0.9176190476190476,0.08,0.9217699206772032,0.09301587301587302,0.9691428571428572,0.38333333333333336,0.9221904761904762,0.48722222222222217
RandomForestClassifier_RFE_20_SMOTE,4.5,0.9224367816091954,0.717391304347826,0.9307233208827637,0.12,0.9176190476190476,0.08,0.9217699206772032,0.09301587301587302,0.9691428571428572,0.38333333333333336,0.9221904761904762,0.48722222222222217
LogisticRegression_MutualInfo_10_BorderlineSMOTE,4.5,0.7001379310344827,0.5043478260869565,0.6805594588141701,0.10111111111111111,0.7701904761904762,0.22000000000000003,0.7185052187378792,0.13463659147869672,0.7420126984126985,0.38222222222222224,0.7003333333333333,0.40166666666666667
SVC_MutualInfo_15_SMOTE-TOMEK,4.5,0.8999310344827587,0.6347826086956522,0.873954667967052,0.11583333333333332,0.9446666666666668,0.13999999999999999,0.9051253323729933,0.12473970473970475,0.9491174603174602,0.38222222222222224,0.8995238095238095,0.4561111111111111
LogisticRegression_RFE_20_RandomUnderSampler,4.5,0.8389285714285715,0.4478260869565217,0.8786666666666665,0.18627344877344876,0.8183333333333334,0.42000000000000004,0.8268571428571428,0.2525548390452819,0.8829166666666666,0.3811111111111111,0.8399999999999999,0.4377777777777778
XGBClassifier_RFE_25_ADASYN,4.5,0.8893965252396843,0.6260869565217392,0.8754151470304722,0.05,0.91525,0.02,0.8928505405681679,0.02857142857142857,0.9466761904761904,0.38,0.8891488095238096,0.4072222222222222
RandomForestClassifier_RFE_25_ADASYN,4.5,0.9283669685894381,0.6956521739130435,0.9306802838544325,0.15,0.929595238095238,0.04,0.9280717424231592,0.06190476190476191,0.9706027210884354,0.38,0.9278452380952382,0.45888888888888885
RandomForestClassifier_RFE_10_SMOTE-TOMEK,4.5,0.8966666666666667,0.6521739130434783,0.8894444804421585,0.1569047619047619,0.9154285714285715,0.14,0.8989859673010363,0.145,0.950368253968254,0.37888888888888894,0.8966190476190476,0.46722222222222226
RandomForestClassifier_RFE_10_SMOTE,4.5,0.8966666666666667,0.6521739130434783,0.8894444804421585,0.1569047619047619,0.9154285714285715,0.14,0.8989859673010363,0.145,0.950368253968254,0.37888888888888894,0.8966190476190476,0.46722222222222226
SVC_RFE_25_RandomUnderSampler,4.5,0.8121428571428572,0.4,0.8426666666666666,0.1523207184971891,0.8166666666666667,0.38,0.8025714285714285,0.21665181224004754,0.8579166666666665,0.37888888888888894,0.8149999999999998,0.3927777777777778
XGBClassifier_RFE_20_BorderlineSMOTE,4.5,0.8797241379310344,0.6652173913043479,0.8685559411348885,0.08666666666666667,0.9045714285714286,0.06000000000000001,0.8836009360016754,0.06999999999999999,0.9453079365079367,0.3788888888888889,0.8799047619047619,0.44666666666666666
XGBClassifier_RFE_10_ADASYN,4.5,0.8675080247894487,0.6086956521739131,0.8382237012213792,0.14095238095238097,0.923702380952381,0.16,0.8759270961571067,0.1481818181818182,0.9265275510204083,0.37777777777777777,0.8673273809523809,0.44666666666666666
SVC_RFE_20_RandomUnderSampler,4.5,0.8400000000000001,0.42608695652173917,0.876,0.1634290546055252,0.8300000000000001,0.38,0.8311904761904761,0.22520690094219503,0.9033333333333333,0.37777777777777777,0.8441666666666666,0.4094444444444444
SVC_RFE_10_SMOTE-TOMEK,4.5,0.9027356321839081,0.6347826086956522,0.8887251773853941,0.11666666666666665,0.9328571428571429,0.08,0.9070734358246464,0.09444444444444444,0.9620761904761904,0.3766666666666667,0.9027142857142858,0.4344444444444445
SVC_RFE_10_SMOTE,4.5,0.9027356321839081,0.6347826086956522,0.8887251773853941,0.11666666666666665,0.9328571428571429,0.08,0.9070734358246464,0.09444444444444444,0.9620761904761904,0.3766666666666667,0.9027142857142858,0.4344444444444445
XGBClassifier_MutualInfo_25_None,4.5,0.7462573099415205,0.6304347826086957,0.3061190476190476,0.11261904761904762,0.285,0.14,0.2671818181818182,0.12379953379953382,0.5644246031746032,0.37666666666666665,0.5729285714285715,0.4533333333333333
LogisticRegression_RFE_10_RandomUnderSampler,4.5,0.8803571428571428,0.4434782608695652,0.8963333333333333,0.1593972693972694,0.875,0.38,0.8695714285714284,0.2229887218045113,0.9412499999999999,0.37555555555555553,0.8816666666666666,0.42055555555555557
RandomForestClassifier_RFE_25_RandomUnderSampler,4.5,0.6224999999999999,0.3782608695652174,0.6472380952380952,0.15379840747487808,0.5983333333333334,0.42000000000000004,0.5943650793650793,0.2234183617865809,0.6212500000000001,0.37555555555555553,0.6266666666666667,0.3933333333333333
SVC_RFE_10_BorderlineSMOTE,4.5,0.9180229885057472,0.6391304347826087,0.9097750012285616,0.1272222222222222,0.9344761904761905,0.14,0.9197222296482555,0.1307936507936508,0.9695936507936509,0.37444444444444447,0.9176190476190476,0.45888888888888885
LogisticRegression_RFE_15_RandomUnderSampler,4.5,0.8724999999999999,0.47391304347826085,0.8937619047619048,0.18184537684537685,0.8833333333333332,0.4,0.8727359307359308,0.24902194211017742,0.9329166666666666,0.37333333333333335,0.8741666666666668,0.44722222222222224
XGBClassifier_RFE_20_RandomUnderSampler,4.5,0.6310714285714286,0.4130434782608695,0.651142857142857,0.18851343101343102,0.71,0.54,0.6438095238095237,0.27434355342687555,0.5820833333333333,0.37333333333333335,0.6383333333333333,0.45888888888888885
XGBClassifier_RFE_10_RandomUnderSampler,4.5,0.6532142857142857,0.39565217391304347,0.6555714285714286,0.1609439416792358,0.735,0.42000000000000004,0.6617835497835498,0.22872490907785026,0.6045833333333334,0.37277777777777776,0.6499999999999999,0.40444444444444444
LogisticRegression_RFE_25_ADASYN,4.5,0.947798188463372,0.5913043478260869,0.9405850211879624,0.11361111111111111,0.9606666666666668,0.12000000000000002,0.9487329825857896,0.11411477411477411,0.9849497165532881,0.37222222222222223,0.9472857142857143,0.4211111111111111
SVC_RFE_15_None,4.5,0.7306432748538012,0.47391304347826085,0.45465223665223664,0.10634920634920635,0.7833333333333333,0.18,0.5390131535131535,0.1301868307131465,0.7948888888888889,0.37222222222222223,0.750904761904762,0.3677777777777778
SVC_RFE_25_None,4.5,0.8056725146198831,0.5695652173913043,0.5828095238095238,0.1626068376068376,0.635,0.14,0.553011433011433,0.13015873015873014,0.8276428571428571,0.3711111111111111,0.7411666666666668,0.4144444444444444
LogisticRegression_None_10_None,4.5,0.7146198830409357,0.6391304347826087,0.15304612054612055,0.039285714285714285,0.22666666666666666,0.04,0.16804239551298375,0.03888888888888888,0.5071746031746032,0.36888888888888893,0.5314761904761905,0.4227777777777778
LogisticRegression_RFE_25_BorderlineSMOTE,4.5,0.9369885057471266,0.5826086956521739,0.9291136712444763,0.08805555555555555,0.9540952380952381,0.12000000000000002,0.9392356384863583,0.10031968031968033,0.9756317460317462,0.36888888888888893,0.9370952380952382,0.41555555555555557
XGBClassifier_None_10_SMOTE,4.5,0.8795172413793104,0.6739130434782609,0.8647621796847804,0.05333333333333333,0.9093333333333333,0.04,0.8837945764950934,0.045,0.9383365079365079,0.3677777777777778,0.8792380952380953,0.445
XGBClassifier_None_10_SMOTE-TOMEK,4.5,0.8795172413793104,0.6739130434782609,0.8647621796847804,0.05333333333333333,0.9093333333333333,0.04,0.8837945764950934,0.045,0.9383365079365079,0.3677777777777778,0.8792380952380953,0.445
XGBClassifier_RFE_15_ADASYN,4.5,0.8901290322580646,0.6478260869565218,0.8747419176111126,0.18166666666666667,0.9235357142857143,0.12000000000000002,0.8954084644240012,0.13754689754689756,0.9495117346938775,0.3677777777777778,0.8898154761904762,0.4572222222222222
LogisticRegression_RFE_25_None,4.5,0.8547953216374269,0.5739130434782609,0.6890476190476191,0.10428571428571429,0.6966666666666667,0.14,0.6565727605727606,0.11444444444444443,0.8695634920634921,0.3666666666666667,0.7953809523809523,0.41722222222222227
XGBClassifier_RFE_15_RandomUnderSampler,4.5,0.6417857142857143,0.3826086956521739,0.6649047619047619,0.15730415783047363,0.7233333333333333,0.44000000000000006,0.6599480519480518,0.22723809523809524,0.6233333333333333,0.3666666666666667,0.6458333333333333,0.4033333333333333
XGBClassifier_None_10_ADASYN,4.5,0.8854456274167065,0.6652173913043479,0.8622807533024253,0.08333333333333333,0.9264880952380953,0.04,0.8903631503486735,0.05357142857142857,0.9499344671201815,0.36666666666666664,0.8853869047619047,0.43944444444444447
RandomForestClassifier_RFE_15_SMOTE-TOMEK,4.5,0.9157241379310346,0.6956521739130435,0.9212300902571802,0.225,0.9147619047619049,0.14,0.9152945236645426,0.16699134199134197,0.9661015873015874,0.36611111111111116,0.9156666666666666,0.495
RandomForestClassifier_RFE_15_SMOTE,4.5,0.9157241379310346,0.6956521739130435,0.9212300902571802,0.225,0.9147619047619049,0.14,0.9152945236645426,0.16699134199134197,0.9661015873015874,0.36611111111111116,0.9156666666666666,0.495
LogisticRegression_MutualInfo_25_BorderlineSMOTE,4.5,0.7986206896551724,0.5739130434782609,0.7804099536514397,0.08055555555555556,0.8407619047619047,0.12,0.8055282816234757,0.08886554621848738,0.8214730158730159,0.3655555555555556,0.7985714285714286,0.41
RandomForestClassifier_RFE_20_BorderlineSMOTE,4.5,0.9241839080459769,0.7260869565217392,0.9370212238741651,0.13333333333333333,0.9125714285714286,0.08,0.9232161087810142,0.09675324675324674,0.9671714285714286,0.3655555555555555,0.9242380952380953,0.4927777777777778
SVC_RFE_25_BorderlineSMOTE,4.5,0.9487816091954023,0.6869565217391305,0.9666653738418445,0.13166666666666665,0.931904761904762,0.1,0.9477112027654296,0.11222222222222222,0.979111111111111,0.3655555555555555,0.9487142857142856,0.475
XGBClassifier_RFE_10_SMOTE-TOMEK,4.5,0.878183908045977,0.6043478260869566,0.859939912942235,0.12,0.9138095238095237,0.14,0.8825328797763856,0.12565656565656566,0.9296126984126986,0.36333333333333334,0.8782857142857143,0.4366666666666667
XGBClassifier_RFE_10_SMOTE,4.5,0.878183908045977,0.6043478260869566,0.859939912942235,0.12,0.9138095238095237,0.14,0.8825328797763856,0.12565656565656566,0.9296126984126986,0.36333333333333334,0.8782857142857143,0.4366666666666667
XGBClassifier_None_10_BorderlineSMOTE,4.5,0.8734712643678162,0.6695652173913043,0.8678230247564613,0.075,0.8951428571428572,0.04,0.8776208656029011,0.050793650793650794,0.9328317460317461,0.36333333333333334,0.8738095238095239,0.44222222222222224
XGBClassifier_RFE_20_ADASYN,4.5,0.8941520207638117,0.6217391304347826,0.8825646053293112,0.12833333333333333,0.916392857142857,0.1,0.8966454069224632,0.10715728715728716,0.9487591269841271,0.36333333333333334,0.8939583333333333,0.4333333333333334
LogisticRegression_RFE_20_None,4.5,0.8611695906432748,0.5782608695652174,0.6763116883116883,0.10928571428571429,0.7033333333333334,0.16,0.6542886002886003,0.12864801864801864,0.8598968253968253,0.3622222222222222,0.8021428571428573,0.4272222222222222
LogisticRegression_RFE_25_SMOTE-TOMEK,4.5,0.9505057471264367,0.5826086956521739,0.9413300653594773,0.10888888888888888,0.966,0.14,0.9522548315401484,0.11974469974469974,0.9884507936507937,0.3622222222222222,0.9505238095238095,0.4227777777777778
LogisticRegression_RFE_25_SMOTE,4.5,0.9505057471264367,0.5826086956521739,0.9413300653594773,0.10888888888888888,0.966,0.14,0.9522548315401484,0.11974469974469974,0.9884507936507937,0.3622222222222222,0.9505238095238095,0.4227777777777778
SVC_RFE_10_ADASYN,4.5,0.9071346469622332,0.6130434782608696,0.8938325140631642,0.06999999999999999,0.931202380952381,0.08,0.9095037305503378,0.07454545454545455,0.9650746598639456,0.3622222222222222,0.9066964285714286,0.42055555555555557
LogisticRegression_RFE_10_SMOTE,4.5,0.8781149425287357,0.5782608695652174,0.867274473892121,0.0719047619047619,0.9031428571428572,0.08,0.8818056101830851,0.07166666666666667,0.9348190476190477,0.3611111111111111,0.8784761904761904,0.3983333333333333
LogisticRegression_RFE_10_SMOTE-TOMEK,4.5,0.8781149425287357,0.5782608695652174,0.867274473892121,0.0719047619047619,0.9031428571428572,0.08,0.8818056101830851,0.07166666666666667,0.9348190476190477,0.3611111111111111,0.8784761904761904,0.3983333333333333
LogisticRegression_RFE_15_SMOTE,4.5,0.9240229885057472,0.6043478260869566,0.9166503806650865,0.1417857142857143,0.9412380952380953,0.16,0.9261805317617331,0.14726495726495728,0.9675619047619047,0.36,0.9242380952380952,0.4438888888888889
SVC_MutualInfo_20_SMOTE,4.5,0.8988965517241378,0.6521739130434783,0.8806394047988475,0.045,0.9362857142857143,0.04,0.9034640497151589,0.042222222222222223,0.9634666666666668,0.36,0.8983809523809525,0.4311111111111111
LogisticRegression_RFE_20_ADASYN,4.5,0.9437325070183802,0.6043478260869566,0.9374654774190379,0.09333333333333334,0.9568333333333333,0.1,0.944647406408772,0.09636363636363636,0.9810854875283447,0.36,0.9432738095238096,0.4222222222222222
LogisticRegression_RFE_15_SMOTE-TOMEK,4.5,0.9240229885057472,0.6043478260869566,0.9166503806650865,0.1417857142857143,0.9412380952380953,0.16,0.9261805317617331,0.14726495726495728,0.9675619047619047,0.36,0.9242380952380952,0.4438888888888889
RandomForestClassifier_MutualInfo_25_ADASYN,4.5,0.9287784840298745,0.6608695652173913,0.9329313640435931,0.03333333333333333,0.9285,0.02,0.9286217957542469,0.025,0.9695838435374149,0.35944444444444446,0.9285833333333333,0.4294444444444444
XGBClassifier_MutualInfo_10_RandomUnderSampler,4.5,0.6575,0.34782608695652173,0.6605238095238095,0.16332043773220245,0.7466666666666667,0.48,0.6737893217893218,0.24071278394807805,0.6708333333333333,0.3588888888888889,0.6566666666666666,0.39555555555555555
LogisticRegression_RFE_20_SMOTE,4.5,0.932735632183908,0.6043478260869566,0.9187307040224997,0.11416666666666667,0.9565714285714286,0.12000000000000002,0.9353723070952181,0.11578865578865578,0.9816952380952382,0.3588888888888889,0.9329047619047619,0.4294444444444444
LogisticRegression_RFE_20_SMOTE-TOMEK,4.5,0.932735632183908,0.6043478260869566,0.9187307040224997,0.11416666666666667,0.9565714285714286,0.12000000000000002,0.9353723070952181,0.11578865578865578,0.9816952380952382,0.3588888888888889,0.9329047619047619,0.4294444444444444
RandomForestClassifier_RFE_20_RandomUnderSampler,4.5,0.6453571428571429,0.4217391304347826,0.7039047619047618,0.16023310023310022,0.6266666666666667,0.4,0.6189206349206349,0.22480522655579863,0.6329166666666667,0.3588888888888889,0.6508333333333333,0.4138888888888889
LogisticRegression_MutualInfo_20_SMOTE,4.5,0.7772183908045978,0.5173913043478261,0.7563753083114371,0.14734848484848487,0.8339047619047619,0.24,0.7888442693044099,0.17690548014077426,0.7951174603174603,0.3588888888888889,0.7773809523809524,0.41722222222222227
SVC_RFE_15_RandomUnderSampler,4.5,0.8582142857142857,0.4521739130434782,0.8733333333333333,0.16461954711954713,0.8666666666666666,0.33999999999999997,0.8519523809523809,0.22009286035601824,0.915,0.3577777777777778,0.8591666666666666,0.4116666666666666
SVC_MutualInfo_25_SMOTE-TOMEK,4.5,0.9171264367816091,0.6869565217391305,0.9082846615029277,0.025,0.9351428571428573,0.02,0.9191581505127079,0.02222222222222222,0.9698920634920636,0.3577777777777778,0.9167142857142856,0.4461111111111111
LogisticRegression_None_10_ADASYN,4.5,0.8658645055352509,0.6173913043478261,0.8230687257359083,0.11000000000000001,0.9488214285714285,0.1,0.8778002059355033,0.10444444444444445,0.910235260770975,0.3566666666666667,0.8654107142857143,0.4305555555555555
RandomForestClassifier_None_10_BorderlineSMOTE,4.5,0.9398390804597702,0.7434782608695653,0.9663851540616246,0.0,0.914,0.0,0.9379730303376022,0.0,0.9525809523809524,0.35611111111111116,0.939857142857143,0.475
XGBClassifier_RFE_10_None,4.5,0.7938011695906433,0.5956521739130435,0.48583333333333334,0.155,0.46333333333333326,0.08,0.4456190476190476,0.08888888888888888,0.6903492063492063,0.35611111111111116,0.6706666666666667,0.4094444444444444
RandomForestClassifier_MutualInfo_15_RandomUnderSampler,4.5,0.7021428571428572,0.3869565217391304,0.727,0.177729476405947,0.6783333333333333,0.52,0.6782698412698412,0.26282682992065143,0.7070833333333334,0.35444444444444445,0.7033333333333333,0.43499999999999994
SVC_RFE_20_ADASYN,4.5,0.9596425128449599,0.6739130434782609,0.9496955671607374,0.06999999999999999,0.9738095238095239,0.06000000000000001,0.9605590131222206,0.06444444444444444,0.9908142290249433,0.3533333333333334,0.9595238095238094,0.4522222222222222
LogisticRegression_None_10_BorderlineSMOTE,4.5,0.8425747126436782,0.5956521739130435,0.8013677263568905,0.06785714285714287,0.9253333333333333,0.08,0.8561278653771783,0.07222222222222222,0.9014730158730158,0.35222222222222227,0.8429523809523809,0.4094444444444444
SVC_RFE_10_RandomUnderSampler,4.5,0.8696428571428572,0.41739130434782606,0.8963333333333333,0.16364653320535674,0.8549999999999999,0.4,0.8584920634920635,0.23028551513845633,0.9087500000000001,0.35222222222222227,0.8683333333333334,0.41111111111111115
RandomForestClassifier_RFE_20_ADASYN,4.5,0.9222242703533027,0.7,0.9247122364219887,0.1,0.9257619047619048,0.02,0.9227074800966347,0.03333333333333333,0.9748540816326532,0.35222222222222227,0.9216904761904763,0.45444444444444443
SVC_MutualInfo_20_BorderlineSMOTE,4.5,0.8980229885057472,0.6565217391304348,0.8821050788736547,0.075,0.9301904761904762,0.04,0.9020655962831714,0.050793650793650794,0.9547746031746032,0.3511111111111111,0.898,0.4338888888888889
SVC_RFE_15_BorderlineSMOTE,4.5,0.9357471264367817,0.6565217391304348,0.9381120986856282,0.12,0.9404761904761905,0.1,0.9369903390598608,0.10762626262626263,0.978704761904762,0.3511111111111111,0.9358095238095239,0.45555555555555555
LogisticRegression_MutualInfo_15_BorderlineSMOTE,4.5,0.7289425287356323,0.5086956521739131,0.7080973144502556,0.10152680652680653,0.7973333333333332,0.2,0.7456693246918988,0.13256216006216007,0.7713714285714286,0.35,0.7289047619047618,0.39722222222222225
SVC_MutualInfo_25_ADASYN,4.5,0.9296174055829228,0.691304347826087,0.9056944690156765,0.075,0.9663928571428573,0.04,0.9332194280433666,0.050793650793650794,0.9817910430839003,0.3488888888888889,0.929529761904762,0.4561111111111111
SVC_RFE_20_BorderlineSMOTE,4.5,0.9445977011494253,0.6739130434782609,0.947611943697857,0.15333333333333332,0.9455238095238097,0.12000000000000002,0.9452667416681845,0.13262626262626262,0.9818984126984127,0.3488888888888889,0.9445238095238097,0.4738888888888889
LogisticRegression_MutualInfo_25_SMOTE-TOMEK,4.5,0.7992413793103449,0.5260869565217391,0.7662150841934123,0.12176046176046176,0.874,0.18,0.8135775315550393,0.13746753246753246,0.8227492063492063,0.3466666666666667,0.7992380952380953,0.4011111111111111
RandomForestClassifier_None_10_RandomUnderSampler,4.5,0.4382142857142857,0.3739130434782609,0.4619047619047619,0.15291632344263922,0.4066666666666666,0.42000000000000004,0.3975714285714286,0.22020762545362088,0.37083333333333335,0.34555555555555556,0.4458333333333333,0.3905555555555556
RandomForestClassifier_RFE_25_BorderlineSMOTE,4.5,0.9241149425287356,0.7130434782608696,0.9445400775694894,0.06666666666666667,0.9060952380952381,0.04,0.9226443241181841,0.05,0.9644,0.34555555555555556,0.9244761904761905,0.47000000000000003
SVC_RFE_20_None,4.5,0.7743859649122806,0.5086956521739131,0.518572039072039,0.05075757575757576,0.6699999999999999,0.1,0.5419145168556934,0.06679864253393666,0.8072301587301588,0.34555555555555556,0.7357142857142857,0.3611111111111111
LogisticRegression_MutualInfo_25_ADASYN,4.5,0.7974209968748345,0.5260869565217392,0.758156819187005,0.08285714285714285,0.8857261904761906,0.14,0.8140461949795205,0.10333333333333332,0.8054487528344672,0.3433333333333334,0.7974821428571428,0.38666666666666666
RandomForestClassifier_MutualInfo_25_RandomUnderSampler,4.5,0.6642857142857144,0.3478260869565218,0.7193333333333334,0.1488533362062774,0.6833333333333333,0.4600000000000001,0.665069264069264,0.2224221976853556,0.6847916666666667,0.34222222222222226,0.6716666666666666,0.3883333333333333
RandomForestClassifier_None_10_SMOTE-TOMEK,4.5,0.9375862068965517,0.7521739130434782,0.9649292325321737,0.0,0.9105714285714287,0.0,0.934693977217114,0.0,0.9582349206349207,0.34111111111111114,0.9374285714285715,0.4805555555555555
RandomForestClassifier_None_10_SMOTE,4.5,0.9375862068965517,0.7521739130434782,0.9649292325321737,0.0,0.9105714285714287,0.0,0.934693977217114,0.0,0.9582349206349207,0.34111111111111114,0.9374285714285715,0.4805555555555555
SVC_RFE_15_ADASYN,4.5,0.9432681286085067,0.6304347826086957,0.9301156000861883,0.08333333333333333,0.9642619047619048,0.1,0.9453619494235376,0.09090909090909091,0.9857134353741497,0.33999999999999997,0.9431309523809525,0.43888888888888894
RandomForestClassifier_RFE_15_RandomUnderSampler,4.5,0.6564285714285714,0.39565217391304347,0.6996666666666667,0.15942623552917673,0.65,0.42000000000000004,0.6385137085137085,0.22773564155143103,0.6537499999999999,0.33999999999999997,0.6599999999999999,0.40444444444444444
XGBClassifier_MutualInfo_25_ADASYN,4.5,0.8912349700725674,0.6173913043478261,0.8690328583525178,0.08761904761904762,0.9305714285714286,0.08,0.896199036192493,0.08166666666666667,0.9491896825396825,0.33999999999999997,0.8914285714285715,0.42333333333333334
RandomForestClassifier_RFE_10_RandomUnderSampler,4.5,0.6871428571428572,0.408695652173913,0.7276666666666667,0.1455377792142498,0.675,0.36,0.6685137085137085,0.20392914962574404,0.6975,0.33944444444444444,0.69,0.3911111111111111
SVC_RFE_25_SMOTE,4.5,0.9567586206896552,0.6782608695652174,0.9612452057746175,0.13095238095238096,0.9542857142857144,0.08,0.9564320536814975,0.09523809523809523,0.9889777777777778,0.3388888888888889,0.9565714285714286,0.4622222222222222
SVC_RFE_25_SMOTE-TOMEK,4.5,0.9567586206896552,0.6782608695652174,0.9612452057746175,0.13095238095238096,0.9542857142857144,0.08,0.9564320536814975,0.09523809523809523,0.9889777777777778,0.3388888888888889,0.9565714285714286,0.4622222222222222
LogisticRegression_None_10_SMOTE,4.5,0.8593333333333334,0.6043478260869566,0.8248794485640293,0.12039682539682539,0.9268571428571428,0.14,0.8696426405188644,0.12772005772005773,0.9010603174603175,0.3377777777777778,0.8594761904761905,0.4366666666666667
LogisticRegression_None_10_SMOTE-TOMEK,4.5,0.8593333333333334,0.6043478260869566,0.8248794485640293,0.12039682539682539,0.9268571428571428,0.14,0.8696426405188644,0.12772005772005773,0.9010603174603175,0.3377777777777778,0.8594761904761905,0.4366666666666667
SVC_MutualInfo_20_SMOTE-TOMEK,4.5,0.898735632183908,0.691304347826087,0.8815242243996113,0.125,0.9311428571428572,0.1,0.9026787133332641,0.10858585858585859,0.9593777777777778,0.33666666666666667,0.8982380952380954,0.47777777777777775
SVC_RFE_25_ADASYN,4.5,0.9712119815668203,0.6608695652173913,0.9646195144724556,0.16166666666666668,0.9807619047619047,0.12000000000000002,0.971751765411747,0.1334199134199134,0.9933747732426305,0.33555555555555555,0.9713333333333333,0.4655555555555556
XGBClassifier_RFE_25_BorderlineSMOTE,4.5,0.8871494252873562,0.6782608695652174,0.8756341456960651,0.12095238095238095,0.9127619047619048,0.12000000000000002,0.8908261289125157,0.11803030303030304,0.9449460317460318,0.3266666666666667,0.887142857142857,0.4766666666666667
SVC_MutualInfo_25_BorderlineSMOTE,4.5,0.9186896551724137,0.708695652173913,0.9121443115707821,0.125,0.9345714285714285,0.04,0.9205218482851965,0.05555555555555556,0.9603936507936508,0.32555555555555554,0.9187142857142858,0.46722222222222226
SVC_None_10_SMOTE,4.5,0.9552643678160919,0.7565217391304347,0.9640764382676148,0.0,0.9474285714285715,0.0,0.9543728867330092,0.0,0.9762920634920637,0.3244444444444445,0.9550952380952381,0.4833333333333333
SVC_None_10_SMOTE-TOMEK,4.5,0.9552643678160919,0.7565217391304347,0.9640764382676148,0.0,0.9474285714285715,0.0,0.9543728867330092,0.0,0.9762920634920637,0.3244444444444445,0.9550952380952381,0.4833333333333333
LogisticRegression_MutualInfo_20_BorderlineSMOTE,4.5,0.752,0.4521739130434782,0.7339345258284886,0.06121794871794872,0.8085714285714285,0.14,0.7654460969229175,0.08427350427350427,0.7870730158730159,0.32222222222222224,0.7523333333333333,0.33944444444444444
LogisticRegression_RFE_10_None,4.5,0.793859649122807,0.4782608695652174,0.5416630591630591,0.09633699633699633,0.7433333333333333,0.16,0.599002886002886,0.1181096681096681,0.839047619047619,0.32,0.7760476190476191,0.36333333333333334
RandomForestClassifier_None_10_ADASYN,4.5,0.9390594311139362,0.7521739130434782,0.9455781894404186,0.1,0.9350238095238096,0.02,0.9385344395517627,0.03333333333333333,0.9748984693877552,0.3194444444444444,0.9386547619047618,0.48777777777777775
SVC_RFE_15_SMOTE,4.5,0.9287126436781609,0.6434782608695653,0.924237006543508,0.10333333333333332,0.9405714285714286,0.08,0.93003852066577,0.08818181818181818,0.9810222222222222,0.3177777777777778,0.9287619047619048,0.44000000000000006
SVC_RFE_15_SMOTE-TOMEK,4.5,0.9287126436781609,0.6434782608695653,0.924237006543508,0.10333333333333332,0.9405714285714286,0.08,0.93003852066577,0.08818181818181818,0.9810222222222222,0.3177777777777778,0.9287619047619048,0.44000000000000006
LogisticRegression_RFE_15_None,4.5,0.8316374269005848,0.5565217391304348,0.6241538461538461,0.12052308802308802,0.74,0.18,0.6476132299073475,0.141986346986347,0.8503095238095237,0.3166666666666667,0.797952380952381,0.42055555555555557
SVC_None_10_ADASYN,4.5,0.9630444938820911,0.7478260869565216,0.9609016016663077,0.0,0.9674761904761905,0.0,0.963366665772836,0.0,0.9906502834467121,0.31333333333333335,0.9630238095238095,0.47777777777777775
SVC_None_10_BorderlineSMOTE,4.5,0.9541379310344829,0.7608695652173914,0.9724895496660203,0.0,0.9371428571428572,0.0,0.9532919362082322,0.0,0.959873015873016,0.31222222222222223,0.9540952380952381,0.48611111111111105
SVC_RFE_20_SMOTE,4.5,0.951264367816092,0.6782608695652174,0.9585666343460462,0.18,0.9472380952380952,0.1,0.9510841492294217,0.11333333333333333,0.9868063492063494,0.3077777777777778,0.9509047619047619,0.46944444444444444
SVC_RFE_20_SMOTE-TOMEK,4.5,0.951264367816092,0.6782608695652174,0.9585666343460462,0.18,0.9472380952380952,0.1,0.9510841492294217,0.11333333333333333,0.9868063492063494,0.3077777777777778,0.9509047619047619,0.46944444444444444
SVC_RFE_10_None,4.5,0.7714619883040935,0.5304347826086957,0.5228513708513709,0.06454545454545454,0.6883333333333332,0.13999999999999999,0.5592876012876012,0.08833333333333333,0.8151746031746032,0.29,0.7407380952380952,0.3894444444444444
